学生1,学生2
35,47
21,84
41,10
13,47
86,89
41,10
13,47
86,89
41,10
41,10
41,10
41,10
21,84
41,10
41,13
13,5
13,10
115,42
41,13
13,38
46,41
96,86
60,13
46,38
13,38
96,86
91,96
46,13
13,38
91,96
84,47
91,96
34,5
18,13
41,10
84,47
91,96
18,13
41,10
38,42
91,96
60,13
13,73
116,72
91,96
8,47
60,13
86,65
60,73
8,116
72,47
116,47
8,72
42,22
41,10
65,72
60,13
41,10
96,86
91,96
86,65
42,22
85,22
41,10
96,86
86,65
73,47
85,22
41,10
86,65
52,13
85,22
41,10
86,65
102,41
52,13
85,22
41,10
96,86
91,96
86,65
102,41
52,13
85,22
41,10
96,86
91,96
86,65
102,41
102,10
52,13
85,22
41,10
96,86
91,96
86,65
102,41
102,10
52,13
85,22
41,10
122,73
96,86
91,96
86,65
102,41
102,10
52,13
85,22
41,10
122,73
96,86
91,96
102,41
122,89
85,22
41,10
122,73
96,86
122,89
91,86
85,22
41,10
91,96
60,13
102,41
122,89
85,22
41,10
122,73
96,86
91,96
102,41
85,22
41,10
96,86
102,41
122,89
85,22
41,10
122,73
96,86
91,96
85,22
41,10
96,86
91,96
85,22
41,10
96,86
91,96
85,22
41,10
96,86
91,96
85,22
41,10
122,73
91,96
85,22
41,10
122,73
91,96
85,22
91,96
122,89
73,74
85,22
41,10
96,86
91,96
73,74
85,22
41,10
96,86
91,96
122,89
73,74
85,22
41,10
96,86
91,96
9,19
73,74
85,22
41,10
91,96
9,19
122,89
73,74
85,22
41,10
91,96
122,89
85,22
41,10
96,86
91,96
122,89
85,22
41,10
122,73
96,86
91,96
122,89
85,22
41,10
122,73
96,86
91,96
9,19
122,89
85,22
41,10
122,73
96,86
91,96
41,10
96,86
91,96
9,19
86,65
85,22
41,10
91,96
9,19
86,65
85,22
41,10
122,73
96,86
91,96
9,19
86,65
85,22
41,10
122,73
91,96
9,19
86,65
9,122
85,22
41,10
122,73
96,86
91,96
9,19
85,22
41,10
122,73
96,86
91,96
9,19
122,89
85,22
41,10
122,73
96,86
91,96
9,19
41,10
122,73
96,86
91,96
9,19
85,22
41,10
122,73
96,86
91,96
86,22
122,73
96,86
85,22
41,10
122,73
85,22
41,10
122,73
96,86
102,41
85,22
41,10
122,73
73,74
85,22
41,10
96,86
91,96
9,19
102,41
85,22
41,10
96,86
9,19
52,13
85,22
41,10
9,19
102,41
73,74
85,22
41,10
9,19
73,74
85,22
60,5
41,10
9,19
52,13
85,22
41,10
91,96
9,19
52,13
85,22
41,10
9,19
85,22
41,10
9,19
85,22
41,10
9,19
52,13
85,22
41,10
9,19
102,41
85,22
41,10
52,42
85,22
41,10
9,19
52,42
85,22
41,10
9,19
85,22
41,10
9,19
85,22
41,10
9,19
85,22
41,10
9,19
85,22
41,10
9,19
85,22
41,10
9,19
85,22
41,10
91,96
9,19
52,13
85,22
41,10
122,73
9,19
85,22
41,10
122,73
85,22
41,10
122,73
85,22
41,10
122,73
52,13
85,22
41,10
122,73
102,41
85,22
41,10
9,19
52,13
85,22
41,10
122,73
9,19
102,41
85,22
41,10
122,73
9,19
85,22
41,10
122,73
9,19
85,22
41,10
122,73
9,19
85,22
41,10
96,86
85,22
41,10
122,73
85,22
41,10
122,73
52,13
85,22
41,10
122,73
122,89
85,22
41,10
122,73
122,89
85,22
41,10
122,73
122,89
85,22
41,10
122,73
85,22
41,10
122,73
85,22
41,10
122,73
122,89
85,22
41,10
122,73
85,22
41,10
122,73
85,22
41,10
122,73
85,22
41,10
122,73
85,22
41,10
122,73
85,22
41,10
122,73
85,22
41,10
122,73
85,22
41,10
122,73
85,22
41,10
122,73
85,22
41,10
122,73
73,74
85,22
41,10
122,73
85,22
41,10
122,73
85,22
41,10
85,22
41,10
85,22
41,10
85,22
41,10
85,22
41,10
85,22
41,10
73,74
85,22
41,10
73,74
85,22
41,10
73,74
85,22
41,10
85,22
41,10
96,22
85,22
41,10
96,22
85,22
41,10
85,22
41,10
85,22
41,10
85,22
41,10
85,22
41,10
85,22
41,10
122,73
52,42
85,22
41,10
122,73
52,42
85,22
41,10
122,73
85,22
41,10
122,73
85,22
41,10
122,73
85,22
41,10
122,73
85,22
41,10
122,73
85,22
41,10
122,73
85,22
41,10
122,73
85,22
41,10
122,73
85,22
41,10
122,73
85,22
41,10
122,73
85,22
41,10
122,73
85,22
41,10
122,73
85,22
41,10
122,73
85,22
41,10
122,73
85,22
41,10
122,73
85,22
41,10
122,73
85,22
41,10
122,73
85,22
41,10
122,73
52,42
122,89
85,22
41,10
122,73
52,42
85,22
41,10
122,73
52,42
122,89
85,22
41,10
122,73
52,42
122,89
85,22
41,10
122,73
85,22
41,10
122,73
122,89
85,22
41,10
41,10
85,22
41,10
85,22
41,10
122,73
52,42
85,22
41,10
122,73
85,22
41,10
85,22
41,10
122,73
85,22
41,10
85,22
41,10
85,22
41,10
85,22
41,10
85,22
41,10
85,22
41,10
85,22
41,10
41,10
85,22
41,10
85,22
41,10
85,22
41,10
85,22
41,10
122,89
85,22
41,10
41,10
85,22
41,10
52,42
122,89
85,22
41,10
122,73
52,42
122,89
85,22
41,10
122,73
52,42
122,89
85,22
41,10
52,42
122,89
85,22
41,10
52,42
85,22
41,10
122,89
85,22
41,10
52,42
122,89
73,74
85,22
41,10
85,22
41,10
52,13
85,22
41,10
85,22
41,10
96,86
85,22
41,10
85,22
41,10
85,22
41,10
85,22
41,10
85,22
41,10
85,22
41,10
85,22
41,10
96,86
85,22
41,10
122,73
96,86
85,22
41,10
122,73
96,86
85,22
41,10
122,73
85,22
41,10
9,19
85,22
41,10
85,22
41,10
85,22
41,10
85,22
41,10
85,22
41,10
85,22
41,10
85,22
41,10
122,73
96,86
85,22
41,10
122,73
85,22
41,10
122,73
85,22
41,10
122,73
85,22
41,10
122,73
85,22
41,10
122,73
85,22
41,10
122,73
85,22
41,10
122,73
85,22
41,10
85,22
41,10
96,86
85,22
41,10
85,22
41,10
85,22
41,10
85,22
41,10
73,74
85,22
41,10
73,74
85,22
41,10
85,22
41,10
85,22
41,10
85,22
41,10
9,19
41,10
85,22
41,10
85,22
41,10
85,22
41,10
9,19
85,22
41,10
9,19
85,22
41,10
9,19
41,10
9,19
85,22
41,10
9,19
85,22
41,10
85,22
41,10
96,86
85,22
41,10
73,74
85,22
41,10
85,22
41,10
85,22
41,10
122,73
85,22
41,10
73,74
85,22
41,10
85,22
41,10
85,22
41,10
85,22
41,10
85,22
41,10
85,22
41,10
41,10
73,74
85,22
41,10
85,22
41,10
122,73
41,10
122,89
85,22
41,10
85,22
41,10
122,89
85,22
41,10
85,22
41,10
85,22
41,10
102,41
85,22
41,10
85,22
41,10
102,41
85,22
41,10
122,73
85,22
122,73
122,89
89,73
85,22
41,10
122,73
102,41
122,89
85,22
41,10
122,73
102,41
122,89
85,22
41,10
122,73
102,41
122,89
73,74
85,22
41,10
122,73
73,74
85,22
41,10
102,41
122,89
85,22
41,10
122,73
102,41
85,22
41,10
122,73
85,22
41,10
122,73
102,41
73,74
85,22
41,10
102,41
85,22
41,10
102,41
85,22
102,41
85,22
102,41
85,22
85,22
41,10
102,41
85,22
102,41
85,22
41,10
102,41
85,22
102,41
85,22
102,41
41,10
102,41
73,74
102,41
41,10
102,41
46,116
102,41
41,10
102,41
41,10
102,41
41,10
46,38
102,41
102,41
41,10
85,42
102,41
41,10
85,42
102,41
41,10
38,42
85,42
102,41
102,41
41,10
102,41
41,10
102,41
102,41
41,10
102,41
41,10
102,41
41,10
102,41
41,10
41,10
102,41
41,10
102,41
41,10
102,41
102,41
41,10
102,41
41,10
102,41
41,10
102,41
41,10
85,42
102,41
41,10
85,42
102,41
41,10
85,42
102,41
41,10
102,41
41,10
102,41
41,10
102,41
41,10
102,41
41,10
102,41
102,41
41,10
9,19
102,41
122,89
41,10
9,19
102,41
9,19
102,41
73,74
9,19
102,41
73,74
41,10
9,19
102,41
73,74
41,10
102,41
73,74
41,10
9,19
102,41
73,74
41,10
102,41
73,74
41,10
102,41
73,74
41,10
102,41
73,74
41,10
122,73
9,19
102,41
73,74
41,10
122,73
9,19
102,41
41,10
9,19
102,41
41,10
102,41
41,10
9,19
102,41
41,10
9,19
102,41
41,10
102,41
102,41
102,41
102,41
102,41
102,41
41,10
102,41
41,10
102,41
41,10
102,41
41,10
102,41
102,41
102,41
38,42
102,41
41,10
102,41
41,10
102,41
41,10
102,41
41,10
102,41
41,10
102,41
41,10
102,41
85,22
41,10
102,41
41,10
102,41
41,10
102,41
52,42
41,10
122,73
102,41
52,42
41,10
122,73
102,41
52,42
41,10
122,73
102,41
52,42
122,73
102,41
52,42
41,10
122,73
41,10
122,73
41,10
122,73
85,42
41,10
122,73
41,10
122,73
41,10
122,73
85,22
122,73
9,19
41,10
122,73
9,19
52,42
41,10
122,73
9,19
73,74
41,10
9,19
9,19
41,10
9,19
41,10
41,10
85,42
41,10
41,10
9,19
73,74
41,10
73,74
41,10
9,19
41,10
91,96
19,47
85,42
52,13
65,42
96,86
91,96
91,86
41,10
7,53
41,42
85,91
14,10
41,10
85,116
114,61
7,53
34,74
85,65
41,10
114,42
34,74
9,122
9,96
96,114
8,114
122,115
8,74
46,74
41,10
46,84
39,84
46,39
85,22
41,10
85,42
14,13
46,39
41,10
85,42
60,85
85,42
60,42
60,85
41,10
60,42
74,22
74,22
60,85
47,42
47,42
47,42
41,10
46,39
41,10
96,74
74,42
41,10
122,73
46,42
74,42
41,10
122,73
52,8
41,10
52,8
41,10
41,10
41,10
41,10
41,10
41,10
41,10
41,10
91,86
41,10
91,86
41,10
41,10
41,10
41,10
41,10
91,86
41,10
41,10
91,86
41,10
91,86
41,10
41,10
91,86
41,10
41,10
41,10
41,10
41,10
91,86
41,10
41,10
41,10
41,10
41,10
41,10
41,10
41,10
41,10
41,10
41,10
41,10
41,10
41,10
41,10
41,10
41,10
41,10
41,10
41,10
41,10
41,10
41,10
41,10
41,10
41,10
41,10
41,10
41,10
41,10
41,10
41,10
41,10
41,10
41,10
41,10
41,10
41,10
41,10
41,10
41,10
41,10
41,10
41,10
41,10
41,10
41,10
41,10
41,10
41,10
41,10
41,10
41,10
41,10
41,10
41,10
41,10
41,10
41,10
41,10
41,10
41,10
41,10
41,10
41,10
41,10
41,10
41,10
41,10
41,10
41,10
41,10
41,10
41,10
41,10
41,10
41,10
41,10
41,10
41,10
41,10
41,10
41,10
41,10
41,10
41,10
41,10
41,10
41,10
41,10
41,10
41,10
41,10
41,10
41,10
41,10
41,10
41,10
41,10
41,10
41,10
41,10
41,10
41,10
41,10
41,10
41,10
41,10
41,10
41,10
41,10
41,10
41,10
41,10
41,10
41,10
41,10
41,10
41,10
41,10
41,10
41,10
41,10
41,10
41,10
41,10
41,10
41,10
41,10
41,10
41,10
41,10
41,10
41,10
41,10
41,10
41,10
41,10
41,10
41,10
41,10
41,10
41,10
41,10
41,10
41,10
41,10
41,10
41,10
41,10
41,10
41,10
41,10
41,10
41,10
41,10
41,10
41,10
41,10
41,10
41,10
41,10
41,10
41,10
41,10
41,10
41,10
41,10
41,10
41,10
41,10
41,10
41,10
41,10
41,10
41,10
41,10
41,10
41,10
41,10
41,10
41,10
41,10
41,10
41,10
41,10
41,10
41,10
41,10
41,10
41,10
41,10
41,10
41,10
41,10
41,10
41,10
41,10
41,10
41,10
41,10
41,10
41,10
41,10
41,10
41,10
41,10
41,10
41,10
41,10
41,10
41,10
41,10
41,10
41,10
41,10
41,10
41,10
41,10
41,10
41,10
41,10
41,10
41,10
41,10
41,10
41,10
41,10
41,10
41,10
41,10
41,10
41,10
41,10
41,10
41,10
41,10
41,10
41,10
41,10
41,10
41,10
41,10
41,10
41,10
41,10
41,10
41,10
41,10
41,10
41,10
41,10
41,10
41,10
41,10
41,10
41,10
41,10
41,10
41,10
41,10
41,10
41,10
41,10
41,10
41,10
41,10
41,10
41,10
41,10
41,10
41,10
41,10
41,10
41,10
41,10
41,10
41,10
41,10
41,10
41,10
41,10
41,10
41,10
41,10
41,10
41,10
41,10
41,10
41,10
41,10
41,10
41,10
41,10
41,10
41,10
41,10
41,10
41,10
41,10
41,10
41,10
41,10
41,10
41,10
41,10
41,10
41,10
41,10
41,10
41,10
41,10
41,10
41,10
41,10
41,10
41,10
41,10
41,10
41,10
41,10
41,10
41,10
41,10
41,10
41,10
41,10
41,10
41,10
41,10
41,10
41,10
41,10
41,10
41,10
41,10
41,10
41,10
41,10
41,10
41,10
41,10
41,10
41,10
41,10
41,10
41,10
41,10
41,10
41,10
41,10
41,10
41,10
41,10
41,10
41,10
41,10
41,10
41,10
41,10
41,10
41,10
41,10
41,10
41,10
41,10
41,10
41,10
41,10
41,10
41,10
41,10
41,10
41,10
41,10
41,10
41,10
41,10
41,10
41,10
41,10
41,10
41,10
41,10
41,10
41,10
41,10
41,10
41,10
41,10
41,10
41,10
41,10
41,10
41,10
41,10
41,10
41,10
41,10
41,10
41,10
41,10
41,10
41,10
41,10
41,10
41,10
41,10
41,10
41,10
41,10
41,10
41,10
41,10
41,10
41,10
41,10
41,10
41,10
41,10
41,10
41,10
41,10
41,10
41,10
41,10
41,10
41,10
41,10
41,10
41,10
41,10
41,10
41,10
41,10
41,10
41,10
41,10
41,10
41,10
41,10
41,10
41,10
41,10
41,10
41,10
41,10
41,10
41,10
41,10
41,10
41,10
41,10
41,10
41,10
41,10
41,10
41,10
41,10
41,10
41,10
41,10
41,10
41,10
41,10
41,10
41,10
41,10
41,10
41,10
41,10
41,10
41,10
41,10
41,10
41,10
41,10
41,10
41,10
41,10
41,10
41,10
41,10
41,10
41,10
41,10
41,10
41,10
41,10
41,10
41,10
41,10
41,10
41,10
41,10
41,10
41,10
41,10
41,10
41,10
41,10
41,10
41,10
41,10
41,10
41,10
41,10
41,10
41,10
41,10
41,10
41,10
41,10
41,10
41,10
41,10
41,10
41,10
41,10
41,10
41,10
41,10
41,10
41,10
41,10
41,10
41,10
41,10
41,10
53,6
41,10
60,96
41,10
53,39
41,10
53,39
41,10
60,10
19,22
53,39
41,10
60,10
19,22
53,39
41,10
8,115
19,22
46,39
41,10
46,53
19,22
53,39
41,10
53,39
41,10
60,42
53,39
46,53
60,42
41,10
41,10
60,42
46,39
41,10
46,39
41,10
53,96
18,14
18,14
18,14
41,10
41,10
41,10
41,10
41,10
41,10
41,10
41,10
41,10
102,9
41,10
41,10
41,10
41,10
41,10
41,10
41,10
41,10
41,10
41,10
41,10
41,10
41,10
41,10
41,10
41,10
41,10
41,10
41,10
41,10
41,10
41,10
41,10
41,10
41,10
41,10
41,10
41,10
41,10
41,10
41,10
41,10
41,10
41,10
41,10
41,10
41,10
41,10
41,10
41,10
41,10
102,9
41,10
41,10
20,114
20,114
114,61
20,114
20,114
20,114
20,114
20,114
20,114
34,19
20,114
20,114
41,10
41,10
20,73
41,10
53,14
41,10
21,84
41,10
41,10
53,14
53,14
41,10
53,14
41,10
13,115
52,14
13,115
14,38
41,10
14,22
52,14
13,115
41,10
14,22
52,14
13,115
14,38
19,13
13,115
14,73
14,10
14,38
41,10
13,115
14,38
41,10
52,10
34,14
14,38
52,41
41,10
14,114
9,13
13,115
73,22
52,10
52,41
14,61
13,115
10,65
53,14
13,115
10,65
13,114
52,13
10,65
52,5
53,14
13,115
8,84
53,14
13,115
52,13
53,14
10,114
53,14
53,14
13,115
52,13
117,39
96,65
53,14
39,5
52,13
117,39
13,84
39,73
53,14
52,13
52,115
10,65
39,73
73,5
52,13
42,22
39,73
53,14
52,13
42,22
96,65
39,73
46,73
52,13
42,22
52,115
39,73
46,73
53,14
13,115
52,13
42,22
52,115
39,73
53,14
9,13
13,115
52,13
42,22
46,39
52,115
39,73
19,13
46,73
9,13
13,115
52,13
39,73
13,115
52,13
39,42
52,115
91,20
39,73
13,115
52,13
52,115
96,65
52,91
39,73
5,42
52,13
52,91
39,73
5,72
52,13
9,47
39,73
5,72
52,13
91,65
14,61
85,47
39,73
5,72
13,115
52,13
65,72
85,73
9,19
13,65
46,13
13,115
13,42
52,13
46,39
9,19
117,73
46,13
13,38
52,13
85,13
117,73
85,42
53,14
13,38
52,13
86,65
52,13
86,65
52,13
85,73
13,115
52,13
46,38
52,13
52,13
85,42
52,13
85,42
52,13
65,72
85,42
52,13
86,65
20,5
52,13
21,47
86,65
85,42
52,13
9,19
85,42
52,13
9,19
85,42
52,13
9,19
102,41
52,13
9,19
85,42
52,13
85,42
52,13
52,13
85,42
20,5
20,5
85,42
20,5
52,13
9,19
20,5
9,19
85,42
20,5
85,42
53,14
20,5
9,19
85,42
20,5
9,19
85,42
9,19
85,42
20,5
9,19
85,42
20,5
9,19
85,42
20,5
9,19
20,5
85,22
9,19
20,5
85,22
9,19
85,42
20,5
9,19
20,5
9,19
9,19
85,42
39,21
20,5
9,19
39,21
20,5
73,74
9,19
85,42
39,21
20,5
73,74
9,19
39,21
73,74
9,19
20,5
73,74
9,19
85,42
20,5
73,74
9,19
85,42
20,5
73,74
9,19
85,42
20,5
73,74
9,19
53,14
20,5
73,74
9,19
53,14
20,5
73,74
9,19
85,42
20,5
73,74
9,19
85,42
20,5
73,74
9,19
85,42
20,5
73,74
85,42
20,5
85,42
20,5
85,42
20,5
85,42
20,5
9,19
85,42
85,42
20,5
9,19
9,19
9,19
85,42
85,42
73,74
9,19
85,42
9,19
85,42
20,5
9,19
85,42
20,5
85,42
39,21
85,42
39,21
9,19
9,19
46,38
20,5
20,5
85,42
85,42
102,41
20,5
85,42
20,5
20,5
85,42
20,5
122,73
85,42
39,21
20,5
85,42
20,5
122,73
20,5
20,5
85,42
102,41
20,5
122,73
85,42
122,73
85,42
102,41
20,5
122,73
85,42
39,21
20,5
85,42
20,5
102,41
20,5
85,42
20,5
52,13
85,42
85,42
52,13
85,42
85,42
39,21
85,42
85,42
85,42
85,42
85,42
85,42
122,73
85,42
122,73
39,21
52,13
52,13
52,13
85,42
85,42
9,19
85,42
85,42
13,42
13,42
52,13
73,74
52,13
73,74
52,13
20,5
73,74
20,5
52,13
20,5
20,5
52,13
20,5
52,13
20,5
9,10
52,13
9,10
20,5
9,10
52,13
20,5
9,10
20,5
52,13
52,13
73,74
20,5
73,74
20,5
20,5
39,21
20,5
39,21
20,5
39,21
85,42
39,21
85,42
39,21
9,19
85,42
20,5
9,19
85,42
20,5
9,19
85,42
20,5
9,19
20,5
20,5
20,5
85,22
20,5
85,22
85,42
20,5
85,42
85,42
91,96
85,42
39,21
85,22
85,22
85,22
85,22
20,5
85,22
85,22
122,73
85,22
122,73
20,5
122,73
20,5
20,5
52,13
20,5
20,5
20,5
20,5
122,73
20,5
122,73
20,5
20,5
20,5
20,5
20,5
20,5
20,5
20,5
122,73
9,19
20,5
9,19
20,5
122,73
53,14
122,73
53,14
52,13
122,73
122,73
122,73
52,13
122,73
122,73
20,5
122,73
20,5
20,5
52,13
52,13
122,73
122,73
52,13
122,73
52,13
122,73
122,73
20,5
52,13
122,73
9,19
20,41
20,5
20,5
9,10
20,41
20,5
20,41
20,5
20,41
20,5
20,5
20,5
20,5
122,73
20,5
20,5
20,5
20,5
73,74
20,5
20,5
73,74
20,5
73,74
20,5
20,5
20,5
20,5
20,5
20,5
20,5
20,5
20,5
20,5
53,14
20,5
20,5
20,5
20,5
20,5
20,5
20,5
20,5
20,5
122,73
38,42
39,21
20,5
122,73
39,21
20,5
122,73
38,42
20,5
122,73
38,42
20,5
52,13
122,73
38,42
20,5
52,13
122,73
38,42
52,13
122,73
52,13
122,73
20,5
52,13
122,73
20,5
52,13
122,73
20,41
20,5
52,13
60,5
122,73
20,5
52,13
122,73
9,10
52,13
38,42
20,5
9,10
52,13
20,5
52,13
52,13
60,5
38,42
20,5
52,13
52,13
52,13
52,13
20,5
52,13
20,5
52,13
20,5
52,13
20,5
52,13
20,5
52,13
20,5
52,13
20,5
52,13
20,5
52,13
52,13
20,5
52,13
60,114
91,96
20,5
52,13
60,114
20,5
52,13
20,5
52,13
20,5
52,13
53,14
20,5
52,13
20,5
52,13
38,42
20,5
52,13
38,42
20,5
52,13
20,5
38,42
20,5
52,13
38,42
20,5
52,13
20,5
52,13
38,42
20,5
52,13
38,42
20,5
38,42
20,5
52,13
38,42
52,13
38,42
102,41
38,42
20,5
52,13
20,5
52,13
9,19
9,19
20,5
38,42
20,5
38,42
20,5
38,42
9,19
20,5
38,42
20,5
38,42
9,19
20,5
38,42
102,41
20,5
38,42
102,41
20,5
52,13
38,42
38,42
9,19
102,41
20,5
38,42
9,19
38,42
9,19
38,42
38,42
38,42
20,5
38,42
20,5
38,42
20,5
38,42
20,5
38,42
20,5
38,42
20,5
38,42
20,5
38,42
20,5
38,42
20,5
38,42
20,5
38,42
20,5
38,42
20,5
38,42
8,116
20,5
38,42
9,19
8,116
20,5
9,10
38,42
9,19
60,13
8,116
20,5
38,42
8,116
20,5
38,42
8,116
9,10
38,42
9,19
60,13
8,116
38,42
9,19
8,116
38,42
9,19
8,116
20,5
38,42
9,19
8,116
20,5
38,42
9,19
8,116
20,5
38,42
9,19
8,116
20,5
38,42
9,19
8,116
20,5
38,42
9,19
20,5
122,73
38,42
9,19
20,5
122,73
38,42
9,19
38,42
9,19
86,65
38,42
9,19
20,5
122,73
38,42
9,19
38,42
38,42
60,13
38,42
9,19
38,42
9,19
20,5
38,42
9,19
8,116
20,5
9,122
38,42
8,116
53,14
20,5
73,74
52,73
85,13
9,19
60,73
8,116
53,14
20,5
14,41
13,38
73,38
9,41
60,74
85,13
9,19
60,73
8,116
73,74
9,41
85,13
122,10
8,116
9,61
8,116
8,116
60,42
41,61
39,47
91,96
39,47
53,41
96,86
60,115
39,47
53,41
41,22
41,74
91,96
53,73
8,22
60,115
53,41
41,22
39,65
7,115
41,39
53,39
41,73
41,74
91,96
53,73
53,41
73,74
41,39
53,39
34,60
34,60
46,39
34,42
60,42
34,5
5,42
46,39
41,74
60,42
5,115
46,39
61,42
34,115
34,7
34,7
19,39
6,74
10,47
41,65
41,65
41,65
60,65
60,41
41,65
41,65
41,65
20,13
20,13
13,5
20,5
13,5
20,13
20,5
20,5
13,5
20,5
20,13
14,38
60,5
60,20
20,13
60,5
60,20
60,114
60,13
60,114
34,61
60,20
34,46
39,47
41,10
60,20
60,20
34,6
8,13
46,39
52,13
46,39
46,39
19,10
9,19
8,116
20,5
52,13
46,39
85,22
19,10
9,19
8,116
20,5
46,39
85,22
19,10
9,19
8,116
46,39
85,22
9,19
8,116
41,5
46,39
85,22
9,19
8,116
41,5
20,5
46,39
85,22
116,72
9,19
60,13
8,116
41,5
20,5
46,39
85,22
9,19
60,13
86,65
8,116
20,5
46,39
85,22
65,72
9,19
8,116
53,14
20,5
46,39
85,22
19,10
9,19
8,116
53,14
20,5
46,39
19,10
9,19
8,116
53,14
20,5
46,39
8,116
53,14
46,39
60,114
86,65
8,116
20,5
46,39
8,116
20,5
46,39
8,116
53,14
20,5
46,39
8,116
53,14
20,5
46,39
60,114
8,116
53,14
20,5
46,39
8,116
53,14
46,39
8,116
53,14
34,114
46,39
8,116
53,14
46,39
8,116
46,39
8,116
46,39
8,116
46,39
8,116
46,39
8,116
46,39
8,116
65,22
46,39
60,114
8,116
46,39
8,116
46,39
8,116
46,39
8,116
46,39
8,116
46,39
85,22
8,116
46,39
85,52
8,116
85,42
46,39
8,116
85,42
46,39
8,116
85,42
53,14
46,39
8,116
85,42
46,39
8,116
85,42
46,39
8,116
85,42
46,39
8,116
85,42
46,39
8,116
85,42
46,39
8,116
85,42
46,39
8,116
46,39
8,116
46,39
8,116
85,42
46,39
8,116
85,42
46,39
60,114
8,116
85,42
46,39
8,116
85,42
46,39
60,114
8,116
85,42
46,39
8,116
46,39
60,114
8,116
85,42
46,39
8,116
85,42
46,39
8,116
85,42
46,39
8,116
85,42
46,39
8,116
85,42
46,39
8,116
85,42
46,39
8,116
85,42
46,39
8,116
85,42
46,39
8,116
85,42
46,39
122,73
8,116
85,42
52,18
46,39
8,116
85,42
52,18
46,39
60,114
86,65
8,116
85,42
46,39
60,114
8,116
85,42
52,18
46,39
60,114
8,116
85,42
52,18
46,39
8,116
85,42
52,18
46,39
8,116
85,42
52,18
46,39
8,116
85,42
46,39
60,114
8,116
85,42
52,18
46,39
8,116
85,42
46,39
8,116
85,42
52,18
46,39
60,114
8,116
85,42
46,39
60,114
8,116
85,42
46,39
60,114
8,116
85,42
52,18
46,39
60,114
8,116
85,42
52,18
65,22
46,39
60,114
8,116
85,42
46,39
8,116
52,18
65,22
46,39
60,114
8,116
85,42
52,18
46,39
122,73
8,116
85,42
52,18
46,39
8,116
85,42
52,18
46,39
8,116
85,42
52,18
46,39
8,116
85,42
52,18
46,39
8,116
85,42
52,18
46,39
8,116
85,42
46,39
8,116
85,42
52,18
46,39
60,114
8,116
85,42
52,18
46,39
60,114
8,116
85,42
52,18
46,39
60,114
8,116
85,42
46,39
8,116
52,18
46,39
8,116
85,42
52,18
46,39
86,65
8,116
85,42
52,18
46,39
8,116
85,42
52,18
46,39
8,116
85,42
52,18
46,39
8,116
85,42
52,18
53,14
46,39
122,73
8,116
85,42
53,14
46,39
122,73
8,116
85,42
52,18
46,39
122,73
8,116
85,42
52,18
46,39
122,73
60,114
8,116
85,42
52,18
46,39
122,73
8,116
85,42
46,39
60,114
8,116
85,42
46,39
8,116
85,42
46,39
8,116
85,42
46,39
60,114
8,116
85,42
46,39
8,116
85,42
46,39
38,42
8,116
85,42
46,39
38,42
8,116
85,42
46,39
8,116
85,42
46,39
8,116
85,42
14,73
46,39
60,114
8,116
85,42
46,39
60,114
8,116
85,42
46,39
8,116
85,42
46,39
60,114
8,116
85,42
46,39
60,114
8,116
85,42
46,39
8,116
85,42
46,39
8,116
85,42
46,39
8,116
85,42
46,39
8,116
85,42
46,39
8,116
85,42
46,39
8,116
85,42
46,39
8,116
85,42
52,18
46,39
85,42
52,18
46,39
85,42
52,18
53,14
46,39
85,42
52,18
53,14
46,39
85,42
52,18
46,39
85,42
52,18
46,39
38,42
85,42
52,18
46,39
122,73
38,42
85,42
52,18
46,39
85,42
52,18
46,39
85,42
52,18
53,14
46,39
86,65
85,42
52,18
46,39
86,65
85,42
53,14
46,39
122,73
86,65
85,42
52,18
53,14
46,39
122,73
86,65
85,42
52,18
46,39
86,65
85,42
52,18
53,14
46,39
86,65
85,42
52,18
53,14
46,39
86,65
85,42
52,18
53,14
46,39
86,65
85,42
52,18
46,39
86,65
85,42
52,18
46,39
86,65
85,42
52,18
46,39
86,65
85,42
52,18
46,39
86,65
85,42
52,18
46,39
122,73
86,65
85,42
52,18
46,39
86,65
85,42
52,18
46,39
86,65
85,42
52,18
46,39
86,65
85,42
46,39
86,65
85,42
52,18
46,39
122,73
86,65
85,42
52,18
46,39
86,65
85,42
52,18
46,39
86,65
85,42
52,18
46,39
86,65
85,42
52,18
46,39
86,65
85,42
52,18
46,39
86,65
85,42
52,18
46,39
86,65
85,42
52,18
46,39
85,42
52,18
46,39
85,42
52,18
46,39
85,42
52,18
46,39
85,42
52,18
46,39
85,42
52,18
46,39
85,42
52,18
46,39
85,42
52,18
46,39
85,42
52,18
46,39
85,42
52,18
46,39
85,42
52,18
46,39
85,42
52,18
46,39
85,42
52,18
46,39
85,42
52,18
46,39
85,42
52,18
46,39
60,114
85,42
52,18
46,39
85,42
52,18
46,39
85,42
52,18
73,74
46,39
85,42
52,18
73,74
46,39
85,42
52,18
46,39
60,114
38,42
85,42
52,18
46,39
85,42
52,18
46,39
85,42
52,18
46,39
85,42
52,18
46,39
85,42
52,18
46,39
85,42
52,18
46,39
85,42
52,18
53,14
46,39
85,42
52,18
46,39
85,42
52,18
46,39
38,42
85,42
52,18
46,39
85,42
52,18
46,39
85,42
52,18
46,39
38,42
85,42
52,18
46,39
38,42
85,42
52,18
46,39
38,42
85,42
52,18
46,39
38,42
85,42
52,18
46,39
38,42
85,42
52,18
46,39
85,42
52,18
73,74
46,39
85,42
52,18
73,74
46,39
38,42
85,42
52,18
46,39
38,42
85,42
52,18
73,74
46,39
85,42
52,18
53,14
73,74
46,39
85,42
52,18
73,74
46,39
85,42
52,18
73,74
46,39
85,42
52,18
73,74
46,39
85,42
52,18
73,74
46,39
85,42
52,18
73,74
46,39
85,42
52,18
73,74
46,39
85,42
52,18
53,14
46,39
85,42
52,18
53,14
46,39
85,42
52,18
53,14
46,39
85,42
52,18
46,39
85,42
52,18
34,114
46,39
85,42
52,18
46,39
85,42
52,18
46,39
85,42
52,18
46,39
85,42
52,18
46,39
85,42
52,18
46,39
85,42
52,18
46,39
85,42
52,18
46,39
85,42
52,18
46,39
85,42
52,18
46,39
85,42
52,18
46,39
85,42
52,18
53,14
46,39
38,42
85,42
52,18
34,74
46,39
85,42
52,18
53,14
46,39
85,42
52,18
34,74
46,39
85,42
52,18
34,74
46,39
85,42
52,18
34,74
65,22
46,39
86,65
85,42
52,18
34,74
46,39
60,114
86,65
85,42
52,18
46,39
85,42
52,18
34,74
46,39
85,42
52,18
46,39
85,42
52,18
53,14
46,39
85,42
52,18
46,39
85,42
52,18
46,39
85,42
52,18
46,39
85,42
52,18
46,39
85,42
52,18
46,39
85,42
52,18
46,39
85,42
52,18
46,39
85,42
52,18
46,39
85,42
52,18
46,39
85,42
52,18
46,39
85,42
46,39
85,42
46,39
85,42
46,39
85,42
46,39
85,42
52,18
46,39
85,42
46,39
85,42
46,39
85,42
46,39
85,42
46,39
85,42
52,18
46,39
85,42
46,39
85,42
46,39
85,42
46,39
85,42
46,39
85,42
46,39
85,42
46,39
85,42
46,39
85,42
46,39
85,42
46,39
85,42
46,39
85,42
52,18
46,39
85,42
46,39
91,96
8,116
85,42
46,39
91,96
8,116
85,42
46,39
91,96
8,116
85,42
46,39
85,42
34,114
46,39
91,96
85,42
34,114
46,39
85,42
34,114
46,39
85,42
53,14
34,114
46,39
85,42
53,14
34,114
46,39
60,114
85,42
34,114
46,39
85,42
34,114
46,39
85,42
34,114
46,39
65,72
85,42
34,114
46,39
65,72
85,42
34,114
46,39
65,72
85,42
34,114
46,39
65,72
85,42
34,114
46,39
65,72
85,42
34,114
46,39
65,72
85,42
52,18
34,114
46,39
65,72
85,42
34,114
46,39
85,42
34,114
46,39
85,42
34,114
46,39
85,42
34,114
46,39
85,42
34,114
46,39
85,42
34,114
46,39
85,42
34,114
46,39
85,42
34,114
46,39
85,42
34,114
46,39
85,42
34,114
46,39
85,42
34,114
46,39
85,42
34,114
46,39
19,10
85,42
34,114
46,39
85,42
34,114
46,39
65,72
85,42
34,114
46,39
85,42
34,114
46,39
85,42
34,114
46,39
85,42
34,114
46,39
85,42
14,73
34,114
46,39
85,42
14,73
34,114
46,39
85,42
34,114
46,39
85,42
34,114
46,39
85,42
34,114
46,39
85,42
34,114
46,39
85,42
34,114
46,39
85,42
34,114
46,39
85,42
34,114
46,39
85,42
34,114
46,39
85,42
34,114
46,39
85,42
34,114
46,39
85,42
34,114
46,39
85,42
53,14
34,114
46,39
65,72
19,10
85,42
34,114
46,39
65,72
85,42
34,114
46,39
65,72
85,42
34,114
46,39
65,72
19,10
85,42
34,114
46,39
65,72
60,114
91,96
85,42
34,114
46,39
65,72
85,42
34,114
46,39
65,72
19,10
85,42
34,114
46,39
65,72
85,42
34,114
46,39
65,72
9,19
85,42
34,114
46,39
65,72
9,19
85,42
34,114
46,39
65,72
9,19
85,42
53,14
34,114
46,39
122,73
9,19
85,42
34,114
46,39
65,72
9,19
85,42
34,114
46,39
122,73
9,19
85,42
34,114
46,39
65,72
122,73
19,10
9,19
85,42
34,114
46,39
65,72
122,73
9,19
85,42
9,10
34,114
46,39
65,72
85,42
9,10
34,114
46,39
65,72
85,42
34,114
46,39
85,42
34,114
46,39
65,72
85,42
34,114
46,39
85,42
34,114
46,39
85,42
34,114
46,39
65,72
85,42
34,114
46,39
65,72
85,42
34,114
46,39
65,72
85,42
34,114
46,39
65,72
85,42
34,114
46,39
65,72
85,42
34,114
46,39
65,72
9,19
85,42
34,114
46,39
65,72
85,42
34,114
46,39
65,72
85,42
34,114
46,39
65,72
85,42
34,114
46,39
85,42
34,114
46,39
19,10
9,19
85,42
34,114
46,39
9,19
85,42
34,114
46,39
19,10
85,42
34,114
46,39
65,72
19,10
85,42
34,114
46,39
65,72
19,10
9,19
85,42
34,114
46,39
19,10
9,19
85,42
34,114
46,39
9,19
85,42
34,114
46,39
9,19
85,42
34,114
46,39
19,10
9,19
85,42
34,114
46,39
19,10
9,19
85,42
34,114
46,39
19,10
85,42
34,114
46,39
19,10
85,42
34,114
46,39
85,42
34,114
46,39
85,42
34,114
46,39
85,42
34,114
46,39
9,19
85,42
53,14
34,114
46,39
9,19
85,42
53,14
34,114
46,39
9,19
85,42
53,14
34,114
46,39
122,74
60,74
85,42
34,114
46,39
60,74
85,42
116,114
84,6
46,39
8,114
8,116
85,42
116,114
46,39
8,114
9,13
34,114
46,39
9,13
46,39
9,74
60,14
14,114
46,39
9,74
13,74
41,5
85,114
46,39
60,5
60,74
53,20
20,115
9,14
46,39
60,14
60,9
41,39
60,14
14,39
60,13
60,9
14,39
60,14
41,115
60,21
60,114
85,20
14,74
52,22
14,74
52,22
52,22
20,41
20,41
60,91
114,21
20,41
60,52
52,74
60,115
20,74
60,91
91,96
96,20
60,115
61,22
52,115
91,20
91,96
96,20
91,20
91,96
14,20
96,20
60,115
60,20
14,20
91,41
96,20
19,84
60,20
14,20
41,22
20,115
60,20
14,20
52,22
41,22
14,20
41,22
20,22
115,22
60,22
115,22
84,22
84,22
52,20
52,14
52,41
52,14
14,41
20,22
14,20
20,41
41,22
14,41
20,22
20,41
52,14
14,41
20,22
52,14
41,22
20,22
52,41
52,14
41,22
14,41
20,22
14,22
52,14
41,22
14,41
35,22
52,13
14,20
52,14
14,41
46,39
117,22
14,20
52,14
14,41
5,6
9,22
85,13
52,9
20,5
9,13
52,13
53,5
85,13
60,13
60,52
20,5
60,85
53,5
60,85
85,47
53,20
14,41
19,20
52,13
8,6
53,5
52,14
14,13
52,13
6,74
20,5
52,14
14,13
52,13
8,6
6,74
41,5
53,41
20,5
52,14
14,13
52,13
65,72
41,5
20,65
20,5
5,72
14,13
52,53
52,13
9,74
41,10
65,72
8,116
52,14
14,13
52,13
8,116
53,14
20,5
52,14
14,13
52,14
14,13
60,65
8,116
52,14
60,22
14,13
60,72
52,13
60,65
65,72
20,5
52,14
14,13
86,65
8,116
52,20
20,5
52,14
13,47
8,116
20,41
20,5
52,14
8,116
14,20
52,20
60,52
20,41
20,5
34,114
52,13
34,114
60,13
34,114
34,114
34,114
34,114
34,114
34,114
8,116
34,114
34,114
34,114
91,96
34,114
91,96
34,114
34,114
34,114
34,114
34,114
34,114
91,96
85,42
34,114
85,42
34,114
9,19
34,114
60,13
34,114
19,10
34,114
34,114
34,114
85,42
85,42
19,10
46,116
19,10
34,114
46,116
34,114
34,114
34,114
34,114
53,14
34,114
34,114
53,14
53,14
34,114
85,42
85,42
46,116
46,116
8,116
46,116
8,116
46,116
34,114
85,42
85,42
46,116
8,116
46,116
46,116
46,116
46,116
19,10
85,42
19,10
19,10
19,10
19,10
8,116
38,42
38,42
19,10
38,42
19,10
38,42
19,10
38,42
46,116
91,96
53,14
53,14
9,19
53,14
9,19
19,10
9,19
85,42
53,14
19,10
53,14
19,10
53,14
9,19
9,19
53,14
19,10
53,14
9,19
53,14
9,19
53,14
9,19
53,14
9,19
53,14
9,19
53,14
9,19
53,14
34,114
9,19
8,116
53,14
8,116
53,14
14,73
53,14
14,73
19,10
8,116
53,73
53,14
14,73
8,116
53,14
14,73
19,10
9,19
8,116
53,73
53,14
14,73
19,10
9,19
8,116
53,73
14,73
9,19
8,116
19,10
9,19
8,116
53,14
19,10
9,19
8,116
19,10
9,19
8,116
9,19
9,19
8,116
9,19
8,116
46,116
9,19
8,116
46,116
8,116
46,116
34,114
34,114
53,14
53,14
53,14
122,73
53,14
14,73
34,114
91,96
53,73
53,14
14,73
34,114
91,96
91,96
91,96
91,96
91,96
91,96
34,114
60,114
85,42
85,42
85,42
60,114
46,8
53,14
8,116
9,10
8,116
53,14
8,116
53,14
8,116
42,22
8,116
8,116
85,22
8,116
53,14
8,116
8,116
60,13
8,116
60,13
8,116
8,116
8,116
8,116
8,116
53,14
60,13
8,116
53,14
46,8
53,14
46,8
8,116
8,116
19,10
19,10
9,19
53,14
53,14
9,19
60,114
60,13
46,8
46,8
85,22
85,22
46,8
9,19
34,114
46,8
9,19
34,114
46,8
34,114
34,114
53,14
21,6
34,114
60,13
53,14
21,6
21,6
60,114
34,114
9,19
60,13
9,19
19,10
46,8
19,10
46,8
46,8
53,14
85,42
53,14
9,19
20,5
46,8
53,14
53,14
20,5
20,5
85,42
20,5
60,114
60,114
53,14
122,73
60,114
53,14
122,73
60,114
53,14
122,73
60,114
53,14
60,13
53,14
60,13
53,14
53,14
53,14
34,114
19,10
53,14
34,114
53,14
34,114
34,114
34,114
19,10
34,114
19,10
34,114
19,10
53,14
34,114
34,114
34,114
34,114
73,74
34,114
73,74
34,114
73,74
34,114
73,74
34,114
34,114
34,114
34,114
34,114
34,114
34,114
34,114
60,114
60,114
60,114
73,74
53,14
53,14
60,114
60,114
53,14
60,114
53,14
53,14
53,14
73,74
53,14
85,42
53,14
122,73
85,42
53,14
122,73
85,42
53,14
85,42
53,14
53,14
53,14
53,14
60,13
60,13
85,42
85,42
60,114
60,114
60,114
53,14
73,74
60,13
60,13
53,14
60,13
73,74
85,42
60,13
85,42
53,14
85,42
60,114
60,13
85,42
60,13
85,42
73,74
60,114
19,10
19,10
60,13
8,116
85,42
60,5
60,13
8,116
85,42
20,5
8,116
60,91
65,72
86,61
60,91
8,115
85,42
117,65
20,115
85,65
85,42
117,65
20,115
14,65
61,6
61,6
61,6
61,6
61,6
46,84
39,74
39,74
60,53
91,86
116,5
52,116
52,5
52,116
52,5
20,5
34,39
34,116
34,20
52,20
46,47
5,47
14,20
5,47
52,47
20,5
96,114
60,20
96,114
60,20
34,53
46,39
60,39
39,5
60,72
60,5
60,72
60,5
60,5
60,91
60,91
60,91
60,10
60,91
60,91
60,20
60,10
60,91
60,91
60,10
86,72
60,91
60,10
60,10
60,91
91,65
86,65
86,65
86,65
20,5
20,5
20,5
20,5
20,5
20,5
20,5
20,5
20,5
9,115
20,5
65,72
65,72
65,72
46,39
46,39
20,5
46,39
46,39
20,5
46,39
46,39
65,72
46,39
65,72
46,39
46,39
46,39
46,39
60,91
46,39
60,20
46,39
46,39
91,73
46,39
60,91
60,73
65,72
65,72
65,72
65,72
46,39
46,39
115,72
115,72
65,72
65,72
46,39
73,115
60,73
65,72
86,65
60,73
86,65
53,39
53,39
34,60
60,72
60,72
60,85
85,72
60,85
46,39
46,39
85,65
46,39
96,114
85,65
39,5
39,5
46,39
114,115
114,5
46,39
114,5
114,5
114,115
114,115
65,72
114,115
65,72
53,39
85,65
53,39
53,39
53,39
53,39
53,39
53,39
53,39
53,39
53,39
53,39
53,39
53,39
53,39
53,39
53,39
53,39
53,39
114,5
114,5
53,39
114,5
53,39
114,5
53,39
53,39
53,39
53,39
114,5
53,39
114,5
53,39
114,5
53,39
53,39
53,39
53,39
53,39
39,114
53,39
53,39
53,39
53,39
53,39
53,39
53,39
53,39
53,39
53,39
53,39
39,114
53,39
53,39
53,39
53,39
114,5
46,39
53,39
46,114
114,115
114,115
114,5
53,39
5,115
114,5
5,115
114,5
53,39
114,5
53,39
114,115
53,39
53,39
114,115
114,115
53,39
53,39
60,65
53,39
53,39
53,39
41,65
9,53
46,39
46,39
46,39
46,39
46,39
39,5
5,115
46,39
46,39
46,39
85,65
47,42
96,42
34,53
60,96
9,20
8,115
9,20
8,61
41,21
60,42
73,22
13,42
41,21
73,22
9,20
8,61
41,21
60,42
73,22
86,13
65,72
8,61
8,5
60,13
8,61
60,8
41,5
60,13
60,13
85,42
85,22
122,73
85,42
85,22
122,73
65,22
85,22
60,13
60,13
122,73
65,22
122,73
20,5
65,22
65,22
65,22
65,22
122,73
65,22
122,73
65,22
65,22
91,96
65,22
91,96
91,96
91,96
91,96
91,96
122,73
122,73
20,5
65,22
122,73
65,22
122,73
65,22
122,73
65,22
65,22
65,22
65,22
85,22
65,22
53,14
53,14
65,22
122,73
53,14
65,22
20,5
20,5
20,5
20,5
20,5
20,5
65,22
91,96
91,96
91,96
20,5
65,22
122,73
53,14
20,5
65,22
65,22
65,22
65,22
65,22
65,22
20,5
53,14
20,5
60,13
53,14
42,22
60,14
20,13
13,65
60,20
8,20
60,20
8,20
14,41
20,5
60,74
115,61
60,61
19,20
60,61
60,61
60,61
115,61
60,61
60,61
42,22
8,42
60,61
20,13
115,61
85,42
20,13
85,42
20,5
20,22
20,22
85,42
20,22
20,22
20,22
20,22
20,22
13,6
65,22
20,22
91,65
85,13
60,91
5,6
20,22
20,22
14,42
85,73
20,5
13,115
14,115
14,6
85,61
13,115
85,61
85,73
60,13
13,6
53,14
60,13
8,84
8,84
8,84
8,84
8,84
8,84
85,42
8,84
85,42
8,84
8,84
8,84
85,42
8,84
20,5
8,84
20,5
8,84
20,5
8,84
8,84
20,5
20,5
8,84
20,5
8,84
8,84
8,84
20,5
8,84
20,5
8,84
8,84
8,84
8,84
20,5
8,84
8,84
8,84
8,84
8,84
8,84
8,84
8,84
8,84
8,84
20,5
122,73
85,42
122,73
85,42
122,73
122,73
122,73
8,84
122,73
122,73
8,84
122,73
8,84
122,73
8,84
122,73
8,84
122,73
8,84
20,5
8,84
8,84
8,84
8,84
41,5
8,84
8,84
85,42
85,42
85,42
53,14
53,14
53,14
85,42
53,14
85,42
53,14
8,84
85,42
8,84
20,5
8,84
20,5
20,5
8,84
20,5
20,5
8,84
8,84
8,84
8,84
41,5
102,41
8,84
53,14
53,14
8,84
8,84
41,5
8,84
41,5
20,5
20,5
8,84
20,5
8,84
20,5
8,84
20,5
20,5
8,84
8,84
20,5
8,84
8,84
8,84
20,5
8,84
20,5
20,5
85,42
8,84
41,5
41,5
8,84
41,5
8,84
8,84
9,19
8,84
9,19
20,5
8,84
8,84
8,84
20,5
20,5
8,84
20,5
8,84
20,5
8,84
8,84
41,5
41,5
41,5
102,41
20,5
102,41
53,14
41,5
41,5
41,5
8,84
8,84
20,5
85,42
20,5
85,42
20,5
20,5
85,42
41,5
20,5
41,5
102,41
20,5
41,5
41,5
102,41
20,5
41,5
8,84
41,5
20,5
41,5
20,5
41,5
20,5
122,73
85,42
41,5
85,42
41,5
85,42
8,84
8,84
8,84
85,42
20,5
8,84
85,42
8,84
85,42
85,42
85,42
85,42
85,42
8,84
8,84
41,5
20,5
8,84
41,5
8,84
41,5
91,96
102,41
41,5
41,5
8,84
86,65
41,5
91,96
65,72
91,96
65,72
91,96
91,96
20,5
91,96
20,5
91,96
20,5
20,5
8,84
20,5
8,84
20,5
20,5
20,5
20,5
20,5
9,19
9,19
20,5
9,19
102,41
20,5
91,96
41,5
20,5
20,5
20,5
91,96
91,96
41,5
20,5
20,5
20,5
53,14
53,14
20,5
20,5
20,5
20,5
20,5
20,5
20,5
20,5
53,14
20,5
53,14
20,5
20,5
20,5
41,5
20,5
41,5
20,5
65,72
20,5
20,5
20,5
20,5
41,5
20,5
8,84
41,5
20,5
73,74
41,5
73,74
41,5
20,5
20,5
53,14
41,5
41,5
20,5
41,5
20,5
20,5
60,5
20,5
65,72
20,5
20,5
65,72
20,5
65,72
65,72
53,14
53,14
20,5
60,38
65,72
41,5
20,5
41,5
53,14
20,5
20,5
85,13
41,5
102,41
20,5
85,13
41,5
102,41
20,5
41,5
102,41
20,5
41,5
20,5
20,5
85,13
41,5
20,5
85,13
41,5
41,5
53,14
41,5
53,14
20,5
85,13
41,5
53,14
20,5
85,13
41,5
20,5
85,13
41,5
85,13
85,13
85,13
41,5
65,72
85,13
41,5
65,72
85,13
85,13
65,72
85,13
65,72
85,13
65,72
85,13
20,5
52,13
85,13
41,5
85,13
85,13
85,13
102,41
85,13
102,41
102,41
102,41
85,13
102,41
85,13
102,41
85,13
102,41
85,13
102,41
85,13
85,13
85,13
65,72
85,13
85,13
102,41
85,13
102,41
85,13
102,41
65,72
85,13
102,41
65,72
85,13
102,41
65,72
85,13
102,41
65,72
85,13
8,84
20,41
115,61
85,42
60,22
60,91
85,42
60,91
8,13
85,42
13,6
8,22
8,22
41,65
8,22
14,41
41,65
41,65
8,22
65,42
65,61
41,65
41,65
41,65
41,65
41,65
10,65
14,41
14,41
41,65
14,41
14,41
14,41
41,65
41,65
14,41
14,41
14,41
41,65
14,41
14,41
14,41
14,41
14,41
41,65
14,41
41,65
9,65
9,65
52,9
52,9
14,20
41,10
52,18
60,65
60,115
60,5
5,115
41,5
41,5
41,5
41,5
41,5
41,5
41,5
41,5
41,5
41,5
41,5
41,5
41,5
41,5
41,5
41,5
41,5
41,5
41,5
41,5
41,5
13,115
13,115
13,115
13,115
41,5
41,5
41,5
41,5
102,41
102,41
102,41
41,5
102,41
102,41
102,41
102,41
102,41
102,41
102,41
102,41
102,41
102,41
102,41
102,41
102,41
102,41
102,41
102,41
102,41
60,13
60,13
102,41
102,41
65,115
102,5
60,8
8,84
85,22
85,22
53,14
20,5
53,14
20,5
85,22
20,5
53,14
20,5
20,5
20,5
20,5
20,5
20,5
20,5
52,13
20,5
85,22
85,22
85,22
85,22
85,22
20,5
8,84
20,5
20,5
20,5
20,5
53,14
20,5
52,13
20,5
85,22
20,5
20,5
20,5
20,5
20,5
52,13
20,5
85,22
115,61
20,5
20,5
20,5
20,5
115,61
20,5
85,22
115,61
85,22
20,5
20,5
115,61
20,5
85,22
115,61
85,22
115,61
85,22
85,22
85,22
85,22
85,22
85,22
85,22
53,14
85,22
41,5
85,22
115,61
85,22
115,61
41,5
85,22
115,61
85,22
115,61
41,5
85,22
85,22
85,22
85,22
115,61
115,61
85,22
115,61
85,22
115,61
85,22
115,61
85,22
85,22
85,22
85,22
85,22
85,22
85,22
20,5
85,22
85,22
85,22
85,22
85,22
85,22
85,22
85,22
85,22
85,22
85,22
85,22
85,22
53,14
85,22
85,22
85,22
85,22
85,22
85,22
122,73
85,22
85,22
122,73
20,5
9,19
9,19
20,5
9,19
20,5
9,19
85,22
85,22
85,22
85,22
85,22
20,5
85,22
85,22
85,22
85,22
85,22
85,22
85,22
85,22
9,19
85,22
9,19
85,22
9,19
85,22
85,22
122,73
115,61
20,5
9,19
85,22
9,19
85,22
20,5
85,22
20,5
85,22
85,22
85,22
9,19
85,22
9,19
85,22
85,22
115,61
13,42
85,22
115,61
85,22
115,61
85,22
115,61
85,22
85,22
115,61
115,61
20,5
20,5
85,22
115,61
115,61
115,61
115,61
85,22
9,19
115,61
115,61
115,61
115,61
115,61
9,19
115,61
115,61
85,22
115,61
85,22
85,22
20,5
85,22
20,5
85,22
85,22
85,22
52,22
85,22
85,22
52,22
85,22
52,22
85,22
9,19
60,14
115,61
14,13
85,22
52,13
115,61
9,19
115,61
85,22
9,19
115,61
85,22
9,47
9,19
115,61
85,65
9,47
65,22
46,39
85,65
85,42
53,14
13,115
46,39
60,61
46,39
115,61
60,115
14,115
14,8
60,61
46,39
115,61
60,115
60,61
115,61
60,115
60,61
115,6
60,6
115,61
60,115
5,61
60,61
115,6
61,6
41,65
60,6
115,61
60,115
73,74
60,61
115,61
60,115
60,61
41,65
115,61
60,115
60,61
41,65
115,61
60,115
60,61
41,65
6,74
115,61
60,115
60,61
115,74
73,74
60,61
41,65
60,61
6,74
60,61
6,74
60,61
60,61
85,42
60,61
60,61
60,61
60,61
60,61
60,61
60,61
60,61
60,61
53,14
60,61
53,14
53,14
53,14
53,14
53,14
53,14
53,14
53,14
53,14
53,14
53,14
53,14
53,14
53,14
53,14
53,14
53,14
53,14
53,14
35,115
35,115
18,20
18,20
14,5
18,14
18,14
96,13
102,20
14,5
13,5
96,5
96,14
96,13
14,13
13,6
96,13
14,20
14,13
18,13
20,13
20,13
20,41
14,38
41,13
20,13
20,41
14,8
41,5
53,14
20,5
14,13
53,14
20,5
41,5
53,14
20,5
96,13
41,5
20,5
14,38
20,5
14,38
20,5
14,38
14,115
89,73
53,14
53,14
53,14
53,14
53,14
53,14
96,13
53,14
96,13
53,14
96,13
53,14
96,13
53,14
96,13
53,14
53,14
117,22
53,14
117,22
85,22
53,14
52,96
117,22
85,22
53,14
117,22
53,14
52,96
117,22
53,14
52,96
117,22
52,18
53,14
117,22
53,14
52,13
117,22
53,14
52,13
117,22
53,14
117,22
53,14
117,22
53,14
20,5
117,22
53,14
117,22
53,14
117,22
53,14
52,13
117,22
53,14
117,22
53,14
117,22
53,14
117,22
53,14
117,22
53,14
117,22
53,14
117,22
117,22
117,22
20,5
117,22
117,22
117,22
117,22
117,22
117,22
53,14
20,5
117,22
85,22
53,14
117,22
85,22
53,14
117,22
53,14
117,22
85,22
117,22
85,22
53,14
117,22
85,22
85,22
20,5
85,22
20,5
117,22
85,22
53,14
20,5
85,22
53,14
85,22
53,14
52,13
117,22
85,22
53,14
52,96
117,22
85,22
53,14
85,22
53,14
52,96
85,22
53,14
117,22
85,22
52,13
85,22
53,14
117,22
85,22
53,14
117,22
85,22
53,14
21,6
85,22
53,14
21,6
85,22
20,5
85,22
117,22
85,22
53,14
85,22
85,22
85,22
53,14
117,22
85,22
53,14
85,22
53,14
85,22
96,13
117,22
85,22
117,22
85,22
117,22
85,22
53,14
117,22
85,22
53,14
117,22
85,22
53,14
85,22
117,22
85,22
117,22
85,22
117,22
85,22
117,22
85,22
117,22
85,22
52,96
117,22
85,22
52,96
117,22
85,22
52,96
117,22
85,22
117,22
85,22
117,22
85,22
52,96
117,22
85,22
52,96
117,22
85,22
20,5
52,96
117,22
85,22
52,96
20,5
52,96
52,96
85,22
20,5
85,22
85,22
53,14
85,22
53,14
85,22
85,22
85,22
85,22
53,14
85,22
52,13
85,22
20,5
85,22
20,5
85,22
85,22
85,22
85,22
85,22
85,22
85,22
20,5
85,22
85,22
85,22
85,22
85,22
96,13
52,13
85,22
52,13
52,13
85,22
85,22
41,13
52,13
52,13
52,13
20,5
52,13
85,22
20,5
52,13
52,13
20,5
20,5
20,5
52,96
85,22
20,5
52,13
85,22
52,13
52,13
85,22
53,14
20,5
52,13
85,22
13,5
20,5
52,13
85,22
20,5
52,13
85,22
52,13
52,18
52,13
85,22
85,22
86,22
52,13
85,22
52,13
52,13
85,22
96,13
52,13
20,5
52,13
52,13
85,22
52,13
85,22
52,13
86,22
86,22
96,13
96,13
96,13
85,22
96,13
96,13
96,13
96,13
52,18
96,13
96,13
52,18
96,13
96,13
96,13
96,13
52,18
96,13
96,13
96,13
52,18
96,13
20,5
86,22
96,13
85,22
52,18
20,5
96,13
52,13
85,22
52,18
20,5
86,22
96,13
91,86
52,13
85,22
52,18
86,22
96,13
52,13
85,22
41,13
52,18
96,13
52,18
96,13
52,13
52,18
96,13
52,20
52,18
53,14
96,13
73,74
14,73
9,14
39,74
52,18
96,13
52,13
117,22
52,18
53,13
96,13
117,22
20,114
96,42
96,13
5,115
117,22
53,14
117,22
53,14
117,22
86,42
115,47
47,42
86,42
53,41
117,22
117,115
85,42
52,22
5,22
41,22
52,22
52,22
41,22
52,22
41,22
53,14
53,22
14,22
13,42
13,42
14,20
52,22
14,20
52,22
52,5
117,22
41,13
13,5
14,20
52,5
91,86
13,5
52,5
53,14
20,5
53,22
14,22
85,74
13,5
53,14
20,5
14,22
41,13
20,13
53,14
53,22
14,22
53,14
53,22
14,22
117,115
89,65
53,14
53,22
14,22
53,14
9,13
13,22
20,22
114,22
115,22
14,22
53,14
115,22
85,47
85,72
53,14
52,13
52,13
9,22
9,22
9,22
9,14
38,42
20,13
9,22
85,115
91,86
52,13
14,22
85,115
9,14
14,22
14,22
9,38
13,47
53,22
85,115
53,22
86,65
14,22
85,117
86,65
85,72
53,14
35,22
85,22
53,115
53,14
96,13
96,13
85,42
85,42
85,42
85,42
85,42
85,42
85,42
85,42
85,42
85,42
85,42
85,42
85,42
85,42
85,42
85,42
85,42
85,42
85,42
21,6
85,42
85,42
85,42
85,42
13,73
85,42
85,42
85,42
85,42
85,42
85,42
85,42
85,42
85,42
85,42
85,42
85,42
85,42
85,42
85,42
85,42
85,42
85,42
85,42
85,42
85,42
85,42
85,42
85,42
85,42
85,42
85,42
85,42
85,42
85,42
85,42
85,42
85,42
85,42
85,42
85,42
85,42
85,42
85,42
85,42
85,42
85,42
85,42
85,42
85,42
85,42
85,42
85,42
85,42
85,42
85,42
85,42
85,42
91,86
85,42
85,42
85,42
85,42
85,42
85,42
85,42
85,42
85,42
85,42
85,42
85,42
52,13
52,18
52,18
52,18
52,18
85,42
91,86
91,86
85,42
20,5
85,42
85,42
18,13
85,22
85,22
85,22
85,22
85,22
52,18
85,22
85,22
85,22
85,22
85,22
85,22
85,22
85,22
85,22
85,22
85,22
85,22
85,22
20,5
85,22
85,22
85,22
85,22
85,22
85,22
85,22
85,22
85,22
85,22
85,22
85,22
85,22
85,22
85,22
52,18
52,18
52,18
52,18
52,18
85,22
52,18
85,22
52,18
52,18
34,114
52,18
34,114
52,18
53,14
85,22
85,22
34,114
85,22
34,114
85,22
85,22
85,22
34,114
85,22
85,42
34,114
85,42
96,13
85,42
85,42
85,42
89,74
85,42
20,5
85,42
20,5
85,42
20,5
85,42
20,5
85,22
85,42
85,42
85,42
20,5
85,42
85,22
85,42
85,42
85,22
85,42
85,42
20,5
85,42
20,5
85,42
20,5
85,42
20,5
85,42
20,5
85,42
20,5
85,42
20,5
85,22
85,42
20,5
85,42
20,5
85,42
20,5
85,22
85,42
20,5
85,42
20,5
85,42
20,5
85,42
20,5
85,42
20,5
85,22
85,42
20,5
85,22
85,42
20,5
85,22
85,42
20,5
85,22
85,42
20,5
85,22
85,42
20,5
85,22
85,42
85,22
85,42
85,22
85,42
85,22
85,42
85,22
85,42
20,5
85,22
85,42
20,5
85,22
85,42
20,5
85,22
85,42
20,5
85,22
85,42
20,5
85,22
85,42
20,5
85,22
85,42
85,22
85,42
85,22
85,42
85,22
89,74
85,42
85,22
89,74
85,42
20,5
85,22
85,42
20,5
85,22
89,74
85,42
20,5
85,22
89,74
85,42
20,5
85,22
85,42
20,5
85,22
85,42
85,22
85,42
20,5
85,22
85,42
20,5
85,22
85,42
20,5
85,22
85,42
85,22
85,42
85,22
89,74
85,42
20,5
85,22
85,42
20,5
85,22
85,42
85,22
89,74
85,42
85,22
89,74
85,42
85,22
89,74
85,42
85,22
89,74
85,42
85,22
89,74
85,42
85,22
89,74
85,42
85,22
85,42
85,22
89,74
85,42
85,22
85,42
85,22
89,74
85,42
85,22
85,42
85,22
89,74
85,42
85,22
89,74
85,42
85,22
85,42
85,22
89,74
85,42
85,22
89,74
85,22
89,74
85,42
85,22
85,42
85,22
85,42
85,22
85,42
85,22
85,42
85,22
85,42
85,22
85,42
85,22
85,42
85,22
85,42
85,22
85,42
85,22
85,42
85,22
85,42
85,22
85,42
85,22
85,42
85,22
85,42
85,22
85,42
85,22
85,42
85,22
85,42
85,22
85,42
85,22
85,42
85,22
85,42
85,22
85,42
20,5
85,22
85,42
20,5
85,22
85,42
91,86
52,13
85,22
85,42
91,86
85,22
85,42
91,86
85,22
85,42
20,5
85,22
85,42
85,22
85,42
85,22
85,42
85,22
85,42
85,22
85,42
85,22
85,42
20,5
85,22
85,42
85,22
85,42
85,22
85,42
85,22
8,116
85,42
85,22
8,116
85,42
85,22
8,116
85,42
85,22
8,116
85,42
85,22
8,116
85,42
85,22
8,116
85,42
85,22
8,116
85,42
85,22
8,116
85,42
91,86
85,22
8,116
85,42
53,14
85,22
8,116
85,42
53,14
85,22
8,116
85,42
85,22
13,84
8,116
85,42
21,84
85,22
8,116
85,42
5,6
21,84
97,21
9,5
85,22
117,6
9,21
9,97
9,6
97,117
115,84
117,5
84,6
117,21
5,6
5,115
9,5
85,22
9,21
9,115
21,115
9,6
117,65
8,65
117,5
97,65
65,84
9,5
9,84
117,6
9,21
21,115
65,5
5,84
9,6
84,6
117,21
5,115
9,5
85,22
7,53
9,21
9,115
65,115
21,115
65,5
5,84
9,6
8,65
6,42
13,42
85,38
5,38
115,42
8,115
7,53
85,73
38,42
20,13
21,115
52,22
18,73
85,21
9,6
9,38
8,84
8,65
115,84
6,38
18,115
84,6
18,6
8,42
35,65
35,5
18,35
52,22
117,89
85,21
8,5
35,13
9,38
35,21
84,38
13,38
117,84
8,84
117,65
8,65
115,84
35,6
84,6
52,53
18,53
52,6
53,84
5,38
7,74
117,6
53,22
85,52
89,115
53,38
18,65
65,38
85,74
35,89
52,35
9,115
52,84
18,97
85,21
7,117
89,84
74,38
97,117
52,42
18,117
35,22
52,53
65,42
9,42
7,6
18,53
9,89
21,38
53,38
18,35
52,35
52,9
9,115
9,117
9,6
7,9
35,21
7,38
117,65
35,117
34,35
18,38
52,53
34,52
42,22
35,73
53,84
9,5
18,42
117,22
9,116
85,52
53,38
116,6
38,42
18,35
35,42
9,97
8,21
52,35
52,116
34,8
9,6
34,53
8,84
73,22
52,53
18,53
9,116
116,6
38,42
89,116
18,35
52,35
21,115
52,74
9,117
89,38
9,38
74,38
6,38
89,5
7,6
18,53
7,22
9,84
9,22
18,42
9,89
115,22
53,38
9,21
38,42
18,35
52,35
85,21
7,9
74,42
73,115
18,38
52,53
65,22
7,6
18,53
97,8
53,84
9,84
13,74
18,8
85,52
21,38
84,22
85,74
9,21
18,35
89,22
7,18
7,9
74,42
8,84
9,53
52,53
73,38
18,53
7,22
13,74
53,22
115,22
85,52
18,35
5,74
52,35
53,115
9,38
74,38
18,115
7,8
18,38
52,53
18,53
52,38
7,22
5,38
116,38
115,42
9,84
9,22
18,8
117,6
9,116
53,22
9,35
85,52
38,42
7,52
18,35
52,9
9,115
65,115
9,38
13,38
9,53
8,65
52,38
53,84
7,22
9,116
9,89
85,52
89,74
35,5
5,74
74,22
52,35
9,115
7,9
35,74
18,53
52,6
9,35
85,52
7,52
18,35
52,35
53,115
9,38
7,9
74,42
85,9
7,8
18,38
7,6
18,53
89,73
7,22
9,74
13,74
53,22
9,35
18,22
6,74
7,52
18,35
53,6
5,74
9,117
7,73
9,38
7,9
117,74
9,73
8,84
8,65
85,9
35,22
9,42
18,53
34,38
85,52
6,74
38,42
7,52
18,35
35,42
52,9
7,18
18,84
7,117
89,38
7,73
7,9
9,53
7,8
7,22
9,89
85,52
89,74
85,115
18,35
5,74
116,74
52,9
85,21
9,38
7,9
34,22
7,38
8,84
8,65
7,115
7,8
18,53
7,22
9,5
9,84
9,22
8,42
9,35
18,21
9,21
7,52
18,35
8,21
52,35
52,9
7,18
73,5
5,22
18,38
52,53
7,6
18,53
52,89
7,22
9,5
9,84
85,52
6,74
53,38
18,35
52,35
52,9
18,5
9,6
89,84
5,22
7,38
117,74
52,53
97,8
53,84
9,5
9,84
18,8
9,89
34,38
85,52
35,115
73,21
53,38
34,73
85,74
34,115
7,52
52,9
9,117
85,21
74,38
7,38
74,42
8,84
9,53
52,53
9,42
7,6
52,6
9,74
18,42
18,8
9,89
6,74
9,21
7,52
18,35
53,6
7,18
8,22
73,5
85,21
7,9
8,84
9,53
84,6
52,53
53,84
7,22
53,42
18,42
9,35
85,52
18,22
18,65
18,9
7,52
9,97
52,35
7,73
7,9
35,73
7,22
46,35
9,89
85,52
46,53
18,35
89,22
52,35
52,9
65,5
5,21
7,117
9,38
13,38
9,53
46,9
6,38
18,53
89,73
115,42
34,42
9,22
18,42
9,35
9,21
65,115
7,9
97,21
18,53
85,52
73,21
18,35
52,35
52,116
46,116
18,5
52,18
35,21
53,84
53,42
18,42
9,89
9,35
85,52
117,42
6,74
9,21
46,42
18,35
35,42
8,21
5,74
52,9
34,8
8,22
73,5
5,84
18,84
85,21
9,73
9,53
73,74
73,38
9,42
52,38
97,8
9,5
115,38
9,22
117,22
9,35
46,53
84,22
39,38
35,42
52,35
9,53
8,65
34,52
52,6
53,84
7,22
6,22
115,42
46,52
18,8
85,52
35,115
9,39
7,18
34,8
8,22
18,84
7,73
85,9
46,9
7,8
34,35
34,52
18,53
52,38
7,22
85,52
18,35
74,22
7,73
9,38
7,9
7,38
74,42
8,84
8,65
85,9
46,9
73,74
18,38
18,53
7,22
46,35
9,116
9,35
85,52
7,52
18,35
9,115
18,5
9,38
7,38
9,53
46,9
73,6
52,6
18,8
9,35
18,35
8,21
52,35
52,9
46,6
46,18
9,53
8,65
46,9
42,22
18,53
52,38
7,22
46,35
18,42
38,42
46,42
18,35
52,35
5,21
7,38
38,22
35,22
21,22
7,22
46,52
46,35
9,35
18,22
18,35
52,35
7,18
52,22
7,9
9,53
13,42
65,42
7,6
52,6
117,39
9,35
21,38
85,13
7,35
18,35
52,35
52,9
9,117
9,38
7,38
9,14
73,6
9,84
18,42
18,8
9,116
18,21
35,115
85,115
9,21
18,35
35,42
8,21
21,115
7,9
8,84
9,53
7,6
52,6
9,35
35,42
53,6
52,35
52,9
5,21
7,9
34,35
18,53
52,6
9,5
46,35
34,18
9,35
85,52
117,115
9,21
34,115
9,115
18,5
85,21
7,9
7,6
52,6
46,35
8,42
9,35
85,52
9,39
7,84
52,35
85,21
52,18
7,9
8,84
9,53
85,9
9,8
18,38
7,6
7,22
115,38
9,22
18,8
35,115
18,22
53,6
52,35
46,6
85,21
7,38
8,84
8,65
38,22
39,22
18,115
18,38
7,6
18,42
53,5
34,18
89,115
35,42
89,22
52,35
46,6
7,73
5,22
7,38
9,84
9,22
46,115
117,115
34,9
18,5
35,21